-- phpMyAdmin SQL Dump
-- version 4.6.5.2
-- https://www.phpmyadmin.net/
--
-- Host: 127.0.0.1
-- Generation Time: Apr 27, 2017 at 11:54 AM
-- Server version: 10.1.21-MariaDB
-- PHP Version: 5.6.30

SET SQL_MODE = "NO_AUTO_VALUE_ON_ZERO";
SET time_zone = "+00:00";


/*!40101 SET @OLD_CHARACTER_SET_CLIENT=@@CHARACTER_SET_CLIENT */;
/*!40101 SET @OLD_CHARACTER_SET_RESULTS=@@CHARACTER_SET_RESULTS */;
/*!40101 SET @OLD_COLLATION_CONNECTION=@@COLLATION_CONNECTION */;
/*!40101 SET NAMES utf8mb4 */;

--
-- Database: `projektni1`
--

DELIMITER $$
--
-- Procedures
--
CREATE DEFINER=`root`@`localhost` PROCEDURE `dodaj_rijec` (IN `Rijec` VARCHAR(127) CHARACTER SET utf8 COLLATE utf8_unicode_ci, IN `Pocetak` TIME, IN `RedniBroj` INT, IN `IDKnjige` INT, OUT `status` INT)  BEGIN
	DECLARE rbPrethodne INT;
    DECLARE pocetakPrethodne TIME;
	IF(RedniBroj > 0) THEN
		SET rbPrethodne = RedniBroj - 1;
		SET pocetakPrethodne = 
			(SELECT R.Pocetak FROM rijec R WHERE R.RedniBroj = rbPrethodne AND R.IDKnjige = IDKnjige LIMIT 1);
	ELSE
		SET pocetakPrethodne = 0;
	END IF;
    IF(RedniBroj = 0 OR (TIME_TO_SEC(Pocetak) - TIME_TO_SEC(pocetakPrethodne)) > 0) THEN 
    	INSERT INTO rijec
        VALUES(NULL,Rijec,Pocetak,RedniBroj,NULL,IDKnjige);
        SET status = 1;
    ELSE
    	SET status = 0;
    END IF;
END$$

CREATE DEFINER=`root`@`localhost` PROCEDURE `obrisi_knjigu` (IN `Knjiga` INT)  BEGIN
	DECLARE done INT DEFAULT FALSE;
	DECLARE idR INT;
	DECLARE sR BLOB; 
	DECLARE rijeci CURSOR FOR SELECT R.IDRijeci,R.Spektogram FROM rijec R WHERE R.IDKnjige = Knjiga;
	DECLARE CONTINUE HANDLER FOR NOT FOUND SET done = TRUE;
	OPEN rijeci;petlja: LOOP
		FETCH rijeci INTO idR,sR;
		IF done THEN 
			LEAVE petlja;
		END IF;
		IF sR IS NULL THEN
			DELETE FROM `rijec` WHERE `rijec`.`IDRijeci` = idR;
		ELSE
			UPDATE `rijec` SET `IDKnjige` = '0' WHERE `rijec`.`IDRijeci` = idR;
		END IF;
	END LOOP;
	CLOSE rijeci;
	DELETE FROM `knjiga` WHERE `knjiga`.`IDKnjige` = Knjiga;
END$$

DELIMITER ;

-- --------------------------------------------------------

--
-- Stand-in structure for view `admin`
-- (See below for the actual view)
--
CREATE TABLE `admin` (
`KorisnickoIme` varchar(255)
,`ImeIPrezime` varchar(255)
,`LozinkaZaPristupSistemu` varchar(255)
,`IDOsobe` int(11)
);

-- --------------------------------------------------------

--
-- Table structure for table `administrator`
--

CREATE TABLE `administrator` (
  `KorisnickoIme` varchar(255) COLLATE utf8_unicode_ci NOT NULL,
  `IDOsobe` int(11) NOT NULL
) ENGINE=InnoDB DEFAULT CHARSET=utf8 COLLATE=utf8_unicode_ci;

--
-- Dumping data for table `administrator`
--

INSERT INTO `administrator` (`KorisnickoIme`, `IDOsobe`) VALUES
('brisanje', 40),
('mbojic', 18),
('student', 35);

-- --------------------------------------------------------

--
-- Stand-in structure for view `administratorview`
-- (See below for the actual view)
--
CREATE TABLE `administratorview` (
`IDOsobe` int(11)
,`KorisnickoIme` varchar(255)
,`ImeIPrezime` varchar(255)
,`Email` varchar(255)
,`DatumRegistracije` timestamp
,`LozinkaZaPristupSistemu` varchar(255)
,`Aktivan` tinyint(1)
,`Adresa` varchar(255)
);

-- --------------------------------------------------------

--
-- Stand-in structure for view `aktivni_korisnici`
-- (See below for the actual view)
--
CREATE TABLE `aktivni_korisnici` (
`KorisnickoIme` varchar(255)
,`ImeIPrezime` varchar(255)
,`Email` varchar(255)
,`LozinkaZaPristupSistemu` varchar(255)
,`DatumRegistracije` timestamp
);

-- --------------------------------------------------------

--
-- Table structure for table `izdavac`
--

CREATE TABLE `izdavac` (
  `Naziv` varchar(255) COLLATE utf8_unicode_ci NOT NULL,
  `Adresa` varchar(255) COLLATE utf8_unicode_ci DEFAULT NULL
) ENGINE=InnoDB DEFAULT CHARSET=utf8 COLLATE=utf8_unicode_ci;

--
-- Dumping data for table `izdavac`
--

INSERT INTO `izdavac` (`Naziv`, `Adresa`) VALUES
('Glas Srpske', 'Zivoina Misica 11'),
('MBookcase', 'MDujica 22'),
('Prosveta', 'Petra Kocica 12');

-- --------------------------------------------------------

--
-- Table structure for table `izdavac_ima_kontaktosobu`
--

CREATE TABLE `izdavac_ima_kontaktosobu` (
  `UlogaUOrganizaciji` varchar(255) COLLATE utf8_unicode_ci DEFAULT NULL,
  `Napomena` text COLLATE utf8_unicode_ci,
  `Naziv` varchar(255) COLLATE utf8_unicode_ci NOT NULL,
  `IDOsobe` int(11) NOT NULL
) ENGINE=InnoDB DEFAULT CHARSET=utf8 COLLATE=utf8_unicode_ci;

-- --------------------------------------------------------

--
-- Table structure for table `izvjestaj`
--

CREATE TABLE `izvjestaj` (
  `Vrijeme` timestamp NOT NULL DEFAULT '0000-00-00 00:00:00',
  `Sadrzaj` text COLLATE utf8_unicode_ci NOT NULL,
  `KorisnickoIme` varchar(255) COLLATE utf8_unicode_ci NOT NULL,
  `IDOsobe` int(11) NOT NULL,
  `IDZadatka` int(11) NOT NULL
) ENGINE=InnoDB DEFAULT CHARSET=utf8 COLLATE=utf8_unicode_ci;

-- --------------------------------------------------------

--
-- Table structure for table `jezik`
--

CREATE TABLE `jezik` (
  `Jezik` varchar(255) COLLATE utf8_unicode_ci NOT NULL
) ENGINE=InnoDB DEFAULT CHARSET=utf8 COLLATE=utf8_unicode_ci;

--
-- Dumping data for table `jezik`
--

INSERT INTO `jezik` (`Jezik`) VALUES
('Arapski'),
('Engleski'),
('Flamanski'),
('Italijanski'),
('Korejski'),
('Neki novi jezik'),
('Srpski');

-- --------------------------------------------------------

--
-- Table structure for table `jezik_osoba`
--

CREATE TABLE `jezik_osoba` (
  `Jezik` varchar(255) COLLATE utf8_unicode_ci NOT NULL,
  `IDOsobe` int(11) NOT NULL
) ENGINE=InnoDB DEFAULT CHARSET=utf8 COLLATE=utf8_unicode_ci;

-- --------------------------------------------------------

--
-- Table structure for table `je_zaduzen_za`
--

CREATE TABLE `je_zaduzen_za` (
  `TipZaduzenja` varchar(255) COLLATE utf8_unicode_ci NOT NULL,
  `KorisnickoIme` varchar(255) COLLATE utf8_unicode_ci NOT NULL,
  `IDOsobe` int(11) NOT NULL,
  `IDZadatka` int(11) NOT NULL
) ENGINE=InnoDB DEFAULT CHARSET=utf8 COLLATE=utf8_unicode_ci;

--
-- Dumping data for table `je_zaduzen_za`
--

INSERT INTO `je_zaduzen_za` (`TipZaduzenja`, `KorisnickoIme`, `IDOsobe`, `IDZadatka`) VALUES
('Admin', 'brisanje', 40, 24),
('Admin', 'brisanje', 40, 25),
('Rukovodilac', 'mbojic', 18, 1),
('Admin', 'mbojic', 18, 7),
('Admin', 'mbojic', 18, 8),
('Admin', 'mbojic', 18, 15),
('Admin', 'mbojic', 18, 16),
('Admin', 'mbojic', 18, 17),
('Admin', 'mbojic', 18, 18),
('Admin', 'mbojic', 18, 19),
('Admin', 'student', 35, 20),
('Admin', 'student', 35, 21),
('Admin', 'student', 35, 22),
('Admin', 'student', 35, 23);

-- --------------------------------------------------------

--
-- Table structure for table `kategorija`
--

CREATE TABLE `kategorija` (
  `Naziv` varchar(255) COLLATE utf8_unicode_ci DEFAULT NULL,
  `Opis` text COLLATE utf8_unicode_ci,
  `IDKategorije` int(11) NOT NULL
) ENGINE=InnoDB DEFAULT CHARSET=utf8 COLLATE=utf8_unicode_ci;

-- --------------------------------------------------------

--
-- Table structure for table `knjiga`
--

CREATE TABLE `knjiga` (
  `BrojPosjeta` int(11) NOT NULL,
  `IDKnjige` int(11) NOT NULL,
  `Naziv` varchar(255) COLLATE utf8_unicode_ci NOT NULL,
  `FK_Jezik` varchar(255) COLLATE utf8_unicode_ci NOT NULL,
  `DatumIzdavanja` date NOT NULL,
  `DatumKreiranja` date NOT NULL,
  `DatumObjave` date DEFAULT NULL,
  `IDZadatka` int(11) DEFAULT NULL,
  `FK_Izdavac` varchar(255) COLLATE utf8_unicode_ci NOT NULL,
  `FK_Komplet` varchar(255) COLLATE utf8_unicode_ci DEFAULT NULL,
  `Nadzor_KorisnickoIme(FK)` varchar(255) COLLATE utf8_unicode_ci NOT NULL,
  `Nadzor_IDOsobe` int(11) NOT NULL,
  `OdgovornaO_KorisnickoIme(FK)` varchar(255) COLLATE utf8_unicode_ci NOT NULL,
  `OdgovornaO_IDOsobe` int(11) NOT NULL
) ENGINE=InnoDB DEFAULT CHARSET=utf8 COLLATE=utf8_unicode_ci;

--
-- Dumping data for table `knjiga`
--

INSERT INTO `knjiga` (`BrojPosjeta`, `IDKnjige`, `Naziv`, `FK_Jezik`, `DatumIzdavanja`, `DatumKreiranja`, `DatumObjave`, `IDZadatka`, `FK_Izdavac`, `FK_Komplet`, `Nadzor_KorisnickoIme(FK)`, `Nadzor_IDOsobe`, `OdgovornaO_KorisnickoIme(FK)`, `OdgovornaO_IDOsobe`) VALUES
(0, 0, 'NEMA KNJGE', 'Arapski', '2017-04-27', '2017-04-27', NULL, NULL, 'Glas Srpske', NULL, 'mbojic', 18, 'mbojic', 18),
(1, 20, 'Kako efikasnije pretrazivati internet', 'Srpski', '2012-04-20', '2012-04-20', NULL, NULL, 'MBookcase', NULL, 'mbojic', 18, 'mbojic', 18),
(0, 21, 'Simpleks tabela', 'Srpski', '2012-06-13', '2012-06-13', NULL, NULL, 'Prosveta', NULL, 'mbojic', 18, 'mbojic', 18),
(0, 22, 'Simplex table', 'Engleski', '2010-02-20', '2010-02-20', NULL, NULL, 'MBookcase', NULL, 'mbojic', 18, 'mbojic', 18),
(0, 24, 'Knjiga za ucenje', 'Srpski', '1998-08-25', '2021-08-25', NULL, NULL, 'MBookcase', NULL, 'student', 35, 'student', 35),
(0, 27, 'ZA BRISANJE - TEST RIJECI', 'Flamanski', '2017-04-27', '2017-04-27', NULL, NULL, 'Glas Srpske', NULL, 'mbojic', 18, 'mbojic', 18);

-- --------------------------------------------------------

--
-- Table structure for table `knjiga_kategorija`
--

CREATE TABLE `knjiga_kategorija` (
  `IDKnjige` int(11) NOT NULL,
  `IDKategorije` int(11) NOT NULL
) ENGINE=InnoDB DEFAULT CHARSET=utf8 COLLATE=utf8_unicode_ci;

-- --------------------------------------------------------

--
-- Table structure for table `komentar`
--

CREATE TABLE `komentar` (
  `Vrijeme` timestamp NOT NULL DEFAULT '0000-00-00 00:00:00',
  `Sadrzaj` text COLLATE utf8_unicode_ci NOT NULL,
  `IDKnjige` int(11) NOT NULL,
  `KorisnickoIme` varchar(255) COLLATE utf8_unicode_ci NOT NULL,
  `IDOsobe` int(11) NOT NULL
) ENGINE=InnoDB DEFAULT CHARSET=utf8 COLLATE=utf8_unicode_ci;

-- --------------------------------------------------------

--
-- Table structure for table `komentar_ki`
--

CREATE TABLE `komentar_ki` (
  `Vrijeme` timestamp NOT NULL DEFAULT '0000-00-00 00:00:00',
  `Sadrzaj` text COLLATE utf8_unicode_ci NOT NULL,
  `Naziv` varchar(255) COLLATE utf8_unicode_ci NOT NULL,
  `IDKnjige` int(11) NOT NULL,
  `KorisnickoIme` varchar(255) COLLATE utf8_unicode_ci NOT NULL,
  `IDOsobe` int(11) NOT NULL
) ENGINE=InnoDB DEFAULT CHARSET=utf8 COLLATE=utf8_unicode_ci;

-- --------------------------------------------------------

--
-- Table structure for table `komplet`
--

CREATE TABLE `komplet` (
  `Naziv` varchar(255) COLLATE utf8_unicode_ci NOT NULL
) ENGINE=InnoDB DEFAULT CHARSET=utf8 COLLATE=utf8_unicode_ci;

-- --------------------------------------------------------

--
-- Table structure for table `kontakt_osoba`
--

CREATE TABLE `kontakt_osoba` (
  `Adresa` varchar(255) COLLATE utf8_unicode_ci DEFAULT NULL,
  `IDOsobe` int(11) NOT NULL
) ENGINE=InnoDB DEFAULT CHARSET=utf8 COLLATE=utf8_unicode_ci;

--
-- Dumping data for table `kontakt_osoba`
--

INSERT INTO `kontakt_osoba` (`Adresa`, `IDOsobe`) VALUES
('Milosa Dujica 11', 18),
('postanskaaaaaa', 26),
('patre 5', 35),
('', 40);

-- --------------------------------------------------------

--
-- Table structure for table `korisnicka_instanca`
--

CREATE TABLE `korisnicka_instanca` (
  `Naziv` varchar(255) COLLATE utf8_unicode_ci NOT NULL,
  `IDKnjige` int(11) NOT NULL,
  `KorisnickoIme` varchar(255) COLLATE utf8_unicode_ci NOT NULL,
  `IDOsobe` int(11) NOT NULL
) ENGINE=InnoDB DEFAULT CHARSET=utf8 COLLATE=utf8_unicode_ci;

-- --------------------------------------------------------

--
-- Table structure for table `korisnik`
--

CREATE TABLE `korisnik` (
  `KorisnickoIme` varchar(255) COLLATE utf8_unicode_ci NOT NULL,
  `DatumRegistracije` timestamp NOT NULL DEFAULT CURRENT_TIMESTAMP,
  `LozinkaZaPristupSistemu` varchar(255) COLLATE utf8_unicode_ci DEFAULT NULL,
  `IDOsobe` int(11) NOT NULL,
  `Aktivan` tinyint(1) NOT NULL DEFAULT '1'
) ENGINE=InnoDB DEFAULT CHARSET=utf8 COLLATE=utf8_unicode_ci;

--
-- Dumping data for table `korisnik`
--

INSERT INTO `korisnik` (`KorisnickoIme`, `DatumRegistracije`, `LozinkaZaPristupSistemu`, `IDOsobe`, `Aktivan`) VALUES
('brisanje', '2017-04-27 09:26:24', '1592141083', 40, 1),
('ime korisnika', '2017-04-21 19:42:05', '-2043632862', 34, 1),
('mbojic', '2017-04-20 01:56:54', '1592141083', 18, 1),
('student', '2017-04-21 21:58:46', '1592141083', 35, 1);

-- --------------------------------------------------------

--
-- Stand-in structure for view `messages`
-- (See below for the actual view)
--
CREATE TABLE `messages` (
`KorisnickoIme` varchar(255)
,`ImeIPrezime` varchar(255)
,`Vrijeme` timestamp
,`Knjiga` varchar(255)
,`Sadrzaj` text
,`Email` varchar(255)
,`IDOsobe` int(11)
);

-- --------------------------------------------------------

--
-- Table structure for table `napomena`
--

CREATE TABLE `napomena` (
  `IDRijeci` int(11) NOT NULL,
  `KorisnickoIme` varchar(255) COLLATE utf8_unicode_ci NOT NULL,
  `IDOsobe` int(11) NOT NULL,
  `Vrijeme` timestamp NOT NULL DEFAULT '0000-00-00 00:00:00',
  `Sadrzaj` text COLLATE utf8_unicode_ci NOT NULL,
  `Naziv` varchar(255) COLLATE utf8_unicode_ci NOT NULL,
  `IDKnjige` int(11) NOT NULL
) ENGINE=InnoDB DEFAULT CHARSET=utf8 COLLATE=utf8_unicode_ci;

-- --------------------------------------------------------

--
-- Table structure for table `ocjena`
--

CREATE TABLE `ocjena` (
  `Vrijeme` time NOT NULL,
  `Vrijednost` int(11) NOT NULL,
  `IDKnjige` int(11) NOT NULL,
  `KorisnickoIme` varchar(255) COLLATE utf8_unicode_ci NOT NULL,
  `IDOsobe` int(11) NOT NULL
) ENGINE=InnoDB DEFAULT CHARSET=utf8 COLLATE=utf8_unicode_ci;

-- --------------------------------------------------------

--
-- Table structure for table `osoba`
--

CREATE TABLE `osoba` (
  `IDOsobe` int(11) NOT NULL,
  `ImeIPrezime` varchar(255) COLLATE utf8_unicode_ci NOT NULL,
  `Email` varchar(255) COLLATE utf8_unicode_ci NOT NULL
) ENGINE=InnoDB DEFAULT CHARSET=utf8 COLLATE=utf8_unicode_ci;

--
-- Dumping data for table `osoba`
--

INSERT INTO `osoba` (`IDOsobe`, `ImeIPrezime`, `Email`) VALUES
(18, 'Milan B', 'm@m.m'),
(26, 'Korisnik sa Telefonom', 't@t.t'),
(34, 'Korisnik', 'ebeeeeeeee'),
(35, 'Milan Bojic', 'email@e.m'),
(40, 'ZA OBRISATI', 'z@z.com');

--
-- Triggers `osoba`
--
DELIMITER $$
CREATE TRIGGER `prebaci_zadatke` BEFORE DELETE ON `osoba` FOR EACH ROW BEGIN
DECLARE newAdminId INT;
DECLARE newAdminKorisnickoIme VARCHAR(255);
DECLARE minZad DOUBLE;
SET newAdminId = (SELECT IDOsobe FROM(
	SELECT A.IDOsobe, COUNT(K.IDZadatka) mycount FROM je_zaduzen_za K 
	RIGHT JOIN administrator A ON A.IDOsobe = K.IDOsobe GROUP BY A.IDOsobe ORDER BY mycount ASC) P LIMIT 1);
SET newAdminKorisnickoIme = (SELECT A.KorisnickoIme FROM administrator A WHERE A.IDOsobe = newAdminId LIMIT 1);
UPDATE je_zaduzen_za J SET J.IDOsobe = newAdminId, j.KorisnickoIme = newAdminKorisnickoIme WHERE J.IDOsobe = OLD.IDOsobe;
END
$$
DELIMITER ;

-- --------------------------------------------------------

--
-- Table structure for table `podjeljena_sa`
--

CREATE TABLE `podjeljena_sa` (
  `Link` varchar(255) COLLATE utf8_unicode_ci DEFAULT NULL,
  `Naziv` varchar(255) COLLATE utf8_unicode_ci NOT NULL,
  `IDKnjige` int(11) NOT NULL,
  `KorisnickoIme` varchar(255) COLLATE utf8_unicode_ci NOT NULL,
  `IDOsobe` int(11) NOT NULL,
  `Izmjene` tinyint(1) NOT NULL
) ENGINE=InnoDB DEFAULT CHARSET=utf8 COLLATE=utf8_unicode_ci;

-- --------------------------------------------------------

--
-- Table structure for table `poruka`
--

CREATE TABLE `poruka` (
  `Sadrzaj` text COLLATE utf8_unicode_ci NOT NULL,
  `Vrijeme` timestamp NOT NULL DEFAULT '0000-00-00 00:00:00',
  `KorisnickoIme` varchar(255) COLLATE utf8_unicode_ci NOT NULL,
  `IDOsobe` int(11) NOT NULL,
  `IDKnjige` int(11) DEFAULT NULL,
  `Odgovorena` tinyint(1) DEFAULT NULL
) ENGINE=InnoDB DEFAULT CHARSET=utf8 COLLATE=utf8_unicode_ci;

--
-- Dumping data for table `poruka`
--

INSERT INTO `poruka` (`Sadrzaj`, `Vrijeme`, `KorisnickoIme`, `IDOsobe`, `IDKnjige`, `Odgovorena`) VALUES
('Druga poruka! Odgovorite!', '2017-04-03 22:00:00', 'mbojic', 18, NULL, NULL),
('Prva poruka. Odgovorite!', '2017-04-04 22:00:00', 'mbojic', 18, NULL, NULL);

-- --------------------------------------------------------

--
-- Table structure for table `posjetio`
--

CREATE TABLE `posjetio` (
  `Vrijeme` timestamp NOT NULL DEFAULT '0000-00-00 00:00:00',
  `Trajanje` time NOT NULL,
  `KorisnickoIme` varchar(255) COLLATE utf8_unicode_ci NOT NULL,
  `IDOsobe` int(11) NOT NULL,
  `IDKnjige` int(11) NOT NULL
) ENGINE=InnoDB DEFAULT CHARSET=utf8 COLLATE=utf8_unicode_ci;

--
-- Dumping data for table `posjetio`
--

INSERT INTO `posjetio` (`Vrijeme`, `Trajanje`, `KorisnickoIme`, `IDOsobe`, `IDKnjige`) VALUES
('2017-04-05 05:22:30', '07:00:33', 'ime korisnika', 34, 20),
('2017-04-20 06:45:14', '00:21:00', 'mbojic', 18, 20);

--
-- Triggers `posjetio`
--
DELIMITER $$
CREATE TRIGGER `broj_posjeta` AFTER INSERT ON `posjetio` FOR EACH ROW BEGIN
    DECLARE isAdmin int;
    SET isAdmin = (SELECT COUNT(IDOsobe) FROM
                   (SELECT * FROM administrator WHERE administrator.IDOsobe = NEW.IDOsobe) A);
    IF(isAdmin = 0) THEN 
        UPDATE knjiga K SET K.BrojPosjeta = k.BrojPosjeta + 1 WHERE k.IDKnjige = NEW.IDKnjige;
    END IF;
END
$$
DELIMITER ;

-- --------------------------------------------------------

--
-- Table structure for table `rijec`
--

CREATE TABLE `rijec` (
  `IDRijeci` int(11) NOT NULL,
  `Rijec` varchar(127) COLLATE utf8_unicode_ci NOT NULL,
  `Pocetak` time NOT NULL,
  `RedniBroj` int(11) NOT NULL,
  `Spektogram` blob,
  `IDKnjige` int(11) NOT NULL
) ENGINE=InnoDB DEFAULT CHARSET=utf8 COLLATE=utf8_unicode_ci;

--
-- Dumping data for table `rijec`
--

INSERT INTO `rijec` (`IDRijeci`, `Rijec`, `Pocetak`, `RedniBroj`, `Spektogram`, `IDKnjige`) VALUES
(3, 'Zdravo', '00:00:20', 1, NULL, 20),
(4, 'kako', '00:00:45', 2, NULL, 20),
(7, 'ste', '00:00:55', 3, NULL, 20),
(18, 'ste', '00:00:56', 4, NULL, 21),
(21, 'ste', '00:00:03', 3, 0x2f2a20416b7469766e695f6b6f7269736e696369202a2f0d0a44524f5020564945572049462045584953545320416b7469766e695f6b6f7269736e6963693b0d0a435245415445205649455720416b7469766e695f6b6f7269736e6963692041530d0a53454c454354204b6f7269736e69636b6f496d652c20496d65495072657a696d652c20456d61696c2c204c6f7a696e6b615a615072697374757053697374656d752c20446174756d526567697374726163696a650d0a46524f4d204f736f62610d0a4e41545552414c204a4f494e204b6f7269736e696b0d0a574845524520416b746976616e203d20310d0a5749544820434845434b204f5054494f4e3b0d0a0d0a2f2a2041646d696e202d20466f72206c6f67696e2a2f0d0a44524f502056494557204946204558495354532041646d696e3b0d0a43524541544520564945572041646d696e2041530d0a53454c454354204b6f7269736e69636b6f496d652c20496d65495072657a696d652c204c6f7a696e6b615a615072697374757053697374656d752c2049444f736f62650d0a46524f4d204f736f62610d0a4e41545552414c204a4f494e206b6f7269736e696b0d0a4e41545552414c204a4f494e2061646d696e6973747261746f720d0a0d0a2f2a204d657373616765732a2f0d0a44524f50205649455720494620455849535453204d657373616765733b0d0a4352454154452056494557204d657373616765732041530d0a53454c454354204b6f7269736e69636b6f496d652c20496d65495072657a696d652c205672696a656d652c204e617a6976204153204b6e6a6967612c20536164727a616a2c456d61696c2c49444f736f62650d0a46524f4d20506f72756b6120500d0a4e41545552414c204a4f494e206b6f7269736e696b0d0a4e41545552414c204a4f494e206f736f62610d0a4c454654204a4f494e206b6e6a696761204b204f4e20502e49444b6e6a696765203d204b2e49444b6e6a6967650d0a5748455245204f64676f766f72656e61203d2030204f52204f64676f766f72656e61206973206e756c6c0d0a4f52444552204259205672696a656d650d0a0d0a2f2a2041646d696e6973747261746f72566965772a2f0d0a44524f502056494557204946204558495354532041646d696e6973747261746f72566965773b0d0a43524541544520564945572041646d696e6973747261746f72566965772041530d0a53454c454354202a0d0a46524f4d204f736f62610d0a4e41545552414c204a4f494e206b6f7269736e696b0d0a4e41545552414c204a4f494e206b6f6e74616b745f6f736f62610d0a4e41545552414c204a4f494e2061646d696e6973747261746f720d0a0d0a2f2a2f2f2f2f2f2f2f2f2f2f2f2f2f2f2f2f2f2f2f2f2f2f2f2f2f2f2f2f2f2f2f2f2f2f2f2f2f2f2f2f2f2f2f2f2f2f2f2f2f2f2f2f2f2f2f2f2f2f2f2f2f2f2f2f2f2f2f2f2f2f2f2f2f2f2f2f2f2f2f2f2f2f2f2f2f2f2f2f2f2f2f2f2f2f2f2f2f2f2f2f2f2a2f0d0a2f2a545249474552492a2f0d0a0d0a2f2a204b6164612073652062726973652061646d696e207a616461746b65206b6f6a69207375207a6164757a656e69207a61206e6a65676120707265626163756a65206e612061646d696e61207361206e616a6d616e6a65207a61646174616b61722a2f0d0a44524f5020545249474745522049462045584953545320707265626163695f7a616461746b653b0d0a44454c494d495445522024240d0a0d0a435245415445205452494747455220707265626163695f7a616461746b65204245464f52452044454c455445204f4e206f736f6261200d0a464f52204541434820524f57200d0a424547494e0d0a4445434c415245206e657741646d696e496420494e543b0d0a4445434c415245206e657741646d696e4b6f7269736e69636b6f496d65205641524348415228323535293b0d0a4445434c415245206d696e5a616420444f55424c453b0d0a534554206e657741646d696e4964203d202853454c4543542049444f736f62652046524f4d280d0a0953454c45435420412e49444f736f62652c20434f554e54284b2e49445a616461746b6129206d79636f756e742046524f4d206a655f7a6164757a656e5f7a61204b200d0a095249474854204a4f494e2061646d696e6973747261746f722041204f4e20412e49444f736f6265203d204b2e49444f736f62652047524f555020425920412e49444f736f6265204f52444552204259206d79636f756e7420415343292050204c494d49542031293b0d0a534554206e657741646d696e4b6f7269736e69636b6f496d65203d202853454c45435420412e4b6f7269736e69636b6f496d652046524f4d2061646d696e6973747261746f72204120574845524520412e49444f736f6265203d206e657741646d696e4964204c494d49542031293b0d0a555044415445206a655f7a6164757a656e5f7a61204a20534554204a2e49444f736f6265203d206e657741646d696e49642c206a2e4b6f7269736e69636b6f496d65203d206e657741646d696e4b6f7269736e69636b6f496d65205748455245204a2e49444f736f6265203d204f4c442e49444f736f62653b0d0a454e442024240d0a44454c494d49544552203b0d0a0d0a2f2a4b61646120736520646f6461206e6f766120706f736a657461207a61206b6e6a6967752c20756b6f6c696b6f206e696a652061646d696e6973747261746f722075766563616a202242726f6a506f736a65746122207a61206b6e6a6967752a2f0d0a44524f502054524947474552204946204558495354532062726f6a5f706f736a6574613b0d0a44454c494d495445522024240d0a0d0a43524541544520545249474745522062726f6a5f706f736a65746120414654455220494e53455254204f4e20706f736a6574696f0d0a464f52204541434820524f570d0a424547494e0d0a202020204445434c41524520697341646d696e20696e743b0d0a2020202053455420697341646d696e203d202853454c45435420434f554e542849444f736f6265292046524f4d0d0a202020202020202020202020202020202020202853454c454354202a2046524f4d2061646d696e6973747261746f722057484552452061646d696e6973747261746f722e49444f736f6265203d204e45572e49444f736f6265292041293b0d0a20202020494628697341646d696e203d203029205448454e200d0a2020202020202020555044415445206b6e6a696761204b20534554204b2e42726f6a506f736a657461203d206b2e42726f6a506f736a657461202b2031205748455245206b2e49444b6e6a696765203d204e45572e49444b6e6a6967653b0d0a20202020454e442049463b0d0a454e442024240d0a44454c494d49544552203b0d0a0d0a2f2a2f2f2f2f2f2f2f2f2f2f2f2f2f2f2f2f2f2f2f2f2f2f2f2f2f2f2f2f2f2f2f2f2f2f2f2f2f2f2f2f2f2f2f2f2f2f2f2f2f2f2f2f2f2f2f2f2f2f2f2f2f2f2f2f2f2f2f2f2f2f2f2f2f2f2f2f2f2f2f2f2f2f2f2f2f2f2f2f2f2f2f2f2f2f2f2f2f2f2f2f2f2a2f0d0a2f2a50524f4345445552452a2f0d0a0d0a2f2a20446f64616a2072696a656320616c692073616d6f20616b6f206a65206e6a656e6f20706f6365746e6f207672696a656d65206d616e6a65206f6420706f6365746e6f67207672656d656e61207a6120707276752072696a6563202a2f0d0a44524f502050524f4345445552452049462045584953545320646f64616a5f72696a65633b0d0a44454c494d495445522024240d0a0d0a4352454154452050524f43454455524520646f64616a5f72696a6563280d0a20202020494e2052696a6563205641524348415228313237292043484152414354455220534554207574663820434f4c4c41544520757466385f756e69636f64655f63692c0d0a20202020494e20506f636574616b2054494d452c0d0a20202020494e205265646e6942726f6a20494e542c0d0a20202020494e2049444b6e6a69676520494e542c0d0a202020204f55542073746174757320494e54290d0a424547494e0d0a094445434c41524520726250726574686f646e6520494e543b0d0a202020204445434c41524520706f636574616b50726574686f646e652054494d453b0d0a094946285265646e6942726f6a203e203029205448454e0d0a090953455420726250726574686f646e65203d205265646e6942726f6a202d20313b0d0a090953455420706f636574616b50726574686f646e65203d200d0a0909092853454c45435420522e506f636574616b2046524f4d2072696a6563205220574845524520522e5265646e6942726f6a203d20726250726574686f646e6520414e4420522e49444b6e6a696765203d2049444b6e6a696765204c494d49542031293b0d0a09454c53450d0a090953455420706f636574616b50726574686f646e65203d20303b0d0a09454e442049463b0d0a202020204946285265646e6942726f6a203d2030204f52202854494d455f544f5f53454328506f636574616b29202d2054494d455f544f5f53454328706f636574616b50726574686f646e652929203e203029205448454e200d0a2020202009494e5345525420494e544f2072696a65630d0a202020202020202056414c554553284e554c4c2c52696a65632c506f636574616b2c5265646e6942726f6a2c4e554c4c2c49444b6e6a696765293b0d0a202020202020202053455420737461747573203d20313b0d0a20202020454c53450d0a202020200953455420737461747573203d20303b0d0a20202020454e442049463b0d0a454e442024240d0a44454c494d49544552203b0d0a20202020202020200d0a202f2a204f6272697369206b6e6a696775202d206b61646120627269736573206b6e6a6967652c20627269736920737665206e6a656e652072696a656369206f73696d20616b6f206a65206e6a69686f76200d0a205370656b746f6772616d2072617a6c69636974206f64206e756c6c2e205520746f6d20736c7563616a752073616d6f20706f73746176692049444b6e6a696765206e6120302e2a2f202020202020200d0a44524f502050524f43454455524520494620455849535453206f62726973695f6b6e6a6967753b0d0a44454c494d495445522024240d0a0d0a4352454154452050524f434544555245206f62726973695f6b6e6a696775280d0a09494e204b6e6a69676120494e54290d0a424547494e0d0a094445434c4152452069645220494e543b0d0a094445434c41524520735220424c4f423b200d0a094445434c4152452072696a65636920435552534f5220464f522053454c45435420522e494452696a6563692c522e5370656b746f6772616d2046524f4d2072696a6563205220574845524520522e49444b6e6a696765203d204b6e6a6967613b0d0a094f50454e2072696a6563693b0d0a097065746c6a613a204c4f4f500d0a090946455443482072696a65636920494e544f206964522c73523b0d0a0909494620646f6e65205448454e200d0a0909094c45415645207065746c6a613b0d0a0909454e442049463b0d0a09094946207352204953204e554c4c205448454e0d0a09090944454c4554452046524f4d206072696a656360205748455245206072696a6563602e60494452696a65636960203d206964523b0d0a0909454c53450d0a090909555044415445206072696a65636020534554206049444b6e6a69676560203d20273027205748455245206072696a6563602e60494452696a65636960203d206964523b0d0a0909454e442049463b0d0a09454e44204c4f4f503b0d0a09434c4f53452072696a6563693b0d0a454e442024240d0a44454c494d49544552203b0d0a0d0a0d0a0d0a0d0a0d0a0d0a0d0a0d0a0d0a0d0a0d0a0d0a0d0a0d0a0d0a0d0a, 27),
(22, 'danas', '00:00:04', 4, 0x44524f502020534348454d41204946204558495354532050726f6a656b746e69313b0d0a43524541544520534348454d412050726f6a656b746e69312044454641554c54204348415241435445522053455420757466382044454641554c5420434f4c4c41544520757466385f756e69636f64655f63693b0d0a5553452050726f6a656b746e69313b0d0a0d0a2f2a46726f6d20455277696e2a2f0d0a0d0a435245415445205441424c452041444d494e4953545241544f520d0a280d0a094b6f7269736e69636b6f496d65202020202020202020564152434841522832353529204e4f54204e554c4c2c0d0a0949444f736f6265202020202020202020202020202020494e5445474552204e4f54204e554c4c2c0d0a094e61647a6f7220202020202020202020202020202020494e5445474552204e4f54204e554c4c2c0d0a0949444b6e6a6967652020202020202020202020202020494e5445474552204e4f54204e554c4c0d0a290d0a3b0d0a0d0a0d0a0d0a414c544552205441424c452041444d494e4953545241544f520d0a0941444420205052494d415259204b455920284b6f7269736e69636b6f496d652c49444f736f6265290d0a3b0d0a0d0a0d0a0d0a435245415445205441424c4520495a44415641430d0a280d0a094e617a69762020202020202020202020202020202020564152434841522832353529204e4f54204e554c4c2c0d0a0941647265736120202020202020202020202020202020564152434841522832353529204e554c4c0d0a290d0a3b0d0a0d0a0d0a0d0a414c544552205441424c4520495a44415641430d0a0941444420205052494d415259204b455920284e617a6976290d0a3b0d0a0d0a0d0a0d0a435245415445205441424c4520495a44415641435f494d415f4b4f4e54414b544f534f42550d0a280d0a09556c6f6761554f7267616e697a6163696a6920202020564152434841522832353529204e554c4c2c0d0a094e61706f6d656e61202020202020202020202020202054455854204e554c4c2c0d0a094e617a69762020202020202020202020202020202020564152434841522832353529204e4f54204e554c4c2c0d0a0949444f736f6265202020202020202020202020202020494e5445474552204e4f54204e554c4c0d0a290d0a3b0d0a0d0a0d0a0d0a414c544552205441424c4520495a44415641435f494d415f4b4f4e54414b544f534f42550d0a0941444420205052494d415259204b455920284e617a69762c49444f736f6265290d0a3b0d0a0d0a0d0a0d0a435245415445205441424c4520495a564a455354414a0d0a280d0a095672696a656d6520202020202020202020202020202054494d455354414d50204e554c4c2c0d0a09536164727a616a20202020202020202020202020202054455854204e4f54204e554c4c2c0d0a094b6f7269736e69636b6f496d65202020202020202020564152434841522832353529204e4f54204e554c4c2c0d0a0949444f736f6265202020202020202020202020202020494e5445474552204e4f54204e554c4c2c0d0a0949445a616461746b6120202020202020202020202020494e5445474552204e4f54204e554c4c0d0a290d0a3b0d0a0d0a0d0a0d0a414c544552205441424c4520495a564a455354414a0d0a0941444420205052494d415259204b455920285672696a656d652c4b6f7269736e69636b6f496d652c49444f736f62652c49445a616461746b61290d0a3b0d0a0d0a0d0a0d0a435245415445205441424c45204a455f5a4144555a454e5f5a410d0a280d0a095469705a6164757a656e6a6120202020202020202020564152434841522832353529204e4f54204e554c4c2c0d0a094b6f7269736e69636b6f496d65202020202020202020564152434841522832353529204e4f54204e554c4c2c0d0a0949444f736f6265202020202020202020202020202020494e5445474552204e4f54204e554c4c2c0d0a0949445a616461746b6120202020202020202020202020494e5445474552204e4f54204e554c4c0d0a290d0a3b0d0a0d0a0d0a0d0a414c544552205441424c45204a455f5a4144555a454e5f5a410d0a0941444420205052494d415259204b455920284b6f7269736e69636b6f496d652c49444f736f62652c49445a616461746b61290d0a3b0d0a0d0a0d0a0d0a435245415445205441424c45204a455a494b5f4f534f42410d0a280d0a094a657a696b2020202020202020202020202020202020564152434841522832353529204e4f54204e554c4c2c0d0a0949444f736f6265202020202020202020202020202020494e5445474552204e4f54204e554c4c0d0a290d0a3b0d0a0d0a0d0a0d0a414c544552205441424c45204a455a494b5f4f534f42410d0a0941444420205052494d415259204b455920284a657a696b2c49444f736f6265290d0a3b0d0a0d0a0d0a0d0a435245415445205441424c45204a455a494b5f4f534f42450d0a280d0a094a657a696b2020202020202020202020202020202020564152434841522832353529204e554c4c0d0a290d0a3b0d0a0d0a0d0a0d0a414c544552205441424c45204a455a494b5f4f534f42450d0a0941444420205052494d415259204b455920284a657a696b290d0a3b0d0a0d0a0d0a0d0a435245415445205441424c45204b415445474f52494a410d0a280d0a094e617a69762020202020202020202020202020202020564152434841522832353529204e554c4c2c0d0a094f70697320202020202020202020202020202020202054455854204e554c4c2c0d0a0949444b617465676f72696a6520202020202020202020494e5445474552204e554c4c204155544f5f494e4352454d454e542c0d0a095052494d415259204b4559202849444b617465676f72696a65290d0a290d0a3b0d0a0d0a0d0a2f2a0d0a414c544552205441424c45204b415445474f52494a410d0a0941444420205052494d415259204b4559202849444b617465676f72696a65290d0a3b0d0a2a2f0d0a0d0a0d0a435245415445205441424c45204b4e4a4947410d0a280d0a0942726f6a506f736a6574612020202020202020202020494e5445474552204e4f54204e554c4c2c0d0a0949444b6e6a6967652020202020202020202020202020494e5445474552204e554c4c204155544f5f494e4352454d454e542c0d0a094e617a69762020202020202020202020202020202020564152434841522832353529204e4f54204e554c4c2c0d0a09464b5f4a657a696b2020202020202020202020202020564152434841522832353529204e4f54204e554c4c2c0d0a09446174756d497a646176616e6a61202020202020202044415445204e4f54204e554c4c2c0d0a09446174756d4b72656972616e6a61202020202020202044415445204e4f54204e554c4c2c0d0a09446174756d4f626a617665202020202020202020202044415445204e554c4c2c0d0a0949445a616461746b6120202020202020202020202020494e5445474552204e4f54204e554c4c2c0d0a09464b5f497a6461766163202020202020202020202020564152434841522832353529204e4f54204e554c4c2c0d0a09464b5f4b6f6d706c6574202020202020202020202020564152434841522832353529204e554c4c2c0d0a095052494d415259204b4559202849444b6e6a696765290d0a290d0a3b0d0a0d0a0d0a2f2a0d0a414c544552205441424c45204b4e4a4947410d0a0941444420205052494d415259204b4559202849444b6e6a696765290d0a3b0d0a2a2f0d0a0d0a0d0a435245415445205441424c45204b4e4a4947415f4b415445474f52494a410d0a280d0a0949444b6e6a6967652020202020202020202020202020494e5445474552204e4f54204e554c4c2c0d0a0949444b617465676f72696a6520202020202020202020494e5445474552204e4f54204e554c4c0d0a290d0a3b0d0a0d0a0d0a0d0a414c544552205441424c45204b4e4a4947415f4b415445474f52494a410d0a0941444420205052494d415259204b4559202849444b6e6a6967652c49444b617465676f72696a65290d0a3b0d0a0d0a0d0a0d0a435245415445205441424c45204b4f4d454e5441525f4b490d0a280d0a095672696a656d6520202020202020202020202020202054494d455354414d50204e554c4c2c0d0a09536164727a616a20202020202020202020202020202054455854204e4f54204e554c4c2c0d0a094e617a69762020202020202020202020202020202020564152434841522832353529204e4f54204e554c4c2c0d0a0949444b6e6a6967652020202020202020202020202020494e5445474552204e4f54204e554c4c2c0d0a094b6f7269736e69636b6f496d65202020202020202020564152434841522832353529204e4f54204e554c4c2c0d0a0949444f736f6265202020202020202020202020202020494e5445474552204e4f54204e554c4c0d0a290d0a3b0d0a0d0a0d0a0d0a414c544552205441424c45204b4f4d454e5441525f4b490d0a0941444420205052494d415259204b455920285672696a656d652c4e617a69762c49444b6e6a6967652c4b6f7269736e69636b6f496d652c49444f736f6265290d0a3b0d0a0d0a0d0a0d0a435245415445205441424c45204b4f4d454e5441520d0a280d0a095672696a656d6520202020202020202020202020202054494d455354414d50204e554c4c2c0d0a09536164727a616a20202020202020202020202020202054455854204e4f54204e554c4c2c0d0a0949444b6e6a6967652020202020202020202020202020494e5445474552204e4f54204e554c4c2c0d0a094b6f7269736e69636b6f496d65202020202020202020564152434841522832353529204e4f54204e554c4c2c0d0a0949444f736f6265202020202020202020202020202020494e5445474552204e4f54204e554c4c0d0a290d0a3b0d0a0d0a0d0a0d0a414c544552205441424c45204b4f4d454e5441520d0a0941444420205052494d415259204b455920285672696a656d652c49444b6e6a6967652c4b6f7269736e69636b6f496d652c49444f736f6265290d0a3b0d0a0d0a0d0a0d0a435245415445205441424c45204b4f4d504c45540d0a280d0a094e617a69762020202020202020202020202020202020564152434841522832353529204e4f54204e554c4c0d0a290d0a3b0d0a0d0a0d0a0d0a414c544552205441424c45204b4f4d504c45540d0a0941444420205052494d415259204b455920284e617a6976290d0a3b0d0a0d0a0d0a0d0a435245415445205441424c45204b4f4e54414b545f4f534f42410d0a280d0a0941647265736120202020202020202020202020202020564152434841522832353529204e554c4c2c0d0a0949444f736f6265202020202020202020202020202020494e5445474552204e4f54204e554c4c2c0d0a0949444b6e6a6967652020202020202020202020202020494e5445474552204e554c4c0d0a290d0a3b0d0a0d0a0d0a0d0a414c544552205441424c45204b4f4e54414b545f4f534f42410d0a0941444420205052494d415259204b4559202849444f736f6265290d0a3b0d0a0d0a0d0a0d0a435245415445205441424c45204b4f5249534e49434b415f494e5354414e43410d0a280d0a094e617a69762020202020202020202020202020202020564152434841522832353529204e554c4c2c0d0a0949444b6e6a6967652020202020202020202020202020494e5445474552204e4f54204e554c4c2c0d0a094b6f7269736e69636b6f496d65202020202020202020564152434841522832353529204e4f54204e554c4c2c0d0a0949444f736f6265202020202020202020202020202020494e5445474552204e4f54204e554c4c0d0a290d0a3b0d0a0d0a0d0a0d0a414c544552205441424c45204b4f5249534e49434b415f494e5354414e43410d0a0941444420205052494d415259204b455920284e617a69762c49444b6e6a6967652c4b6f7269736e69636b6f496d652c49444f736f6265290d0a3b0d0a0d0a0d0a0d0a435245415445205441424c45204b4f5249534e494b0d0a280d0a094b6f7269736e69636b6f496d65202020202020202020564152434841522832353529204e4f54204e554c4c20554e495155452c0d0a09446174756d526567697374726163696a65202020202054494d455354414d50204e4f54204e554c4c2c0d0a094c6f7a696e6b615a615072697374757053697374656d752020564152434841522832353529204e554c4c2c0d0a0949444f736f6265202020202020202020202020202020494e5445474552204e4f54204e554c4c2c0d0a09416b746976616e202020202020202020202020202020626f6f6c65616e204e4f54204e554c4c0d0a290d0a3b0d0a0d0a0d0a0d0a414c544552205441424c45204b4f5249534e494b0d0a0941444420205052494d415259204b455920284b6f7269736e69636b6f496d652c49444f736f6265290d0a3b0d0a0d0a0d0a0d0a435245415445205441424c45204e41504f4d454e410d0a280d0a09494452696a6563692020202020202020202020202020494e5445474552204e4f54204e554c4c2c0d0a094b6f7269736e69636b6f496d65202020202020202020564152434841522832353529204e4f54204e554c4c2c0d0a0949444f736f6265202020202020202020202020202020494e5445474552204e4f54204e554c4c2c0d0a095672696a656d65202020202020202020202020202054494d455354414d50204e554c4c2c0d0a09536164727a616a20202020202020202020202020202054455854204e4f54204e554c4c2c0d0a094e617a69762020202020202020202020202020202020564152434841522832353529204e4f54204e554c4c2c0d0a0949444b6e6a6967652020202020202020202020202020494e5445474552204e4f54204e554c4c0d0a290d0a3b0d0a0d0a0d0a0d0a414c544552205441424c45204e41504f4d454e410d0a0941444420205052494d415259204b45592028494452696a6563692c4b6f7269736e69636b6f496d652c49444f736f62652c5672696a656d652c4e617a69762c49444b6e6a696765290d0a3b0d0a0d0a0d0a0d0a435245415445205441424c45204f434a454e410d0a280d0a095672696a656d6520202020202020202020202020202054494d45204e554c4c2c0d0a095672696a65646e6f7374202020202020202020202020494e5445474552204e4f54204e554c4c2c0d0a0949444b6e6a6967652020202020202020202020202020494e5445474552204e4f54204e554c4c2c0d0a094b6f7269736e69636b6f496d65202020202020202020564152434841522832353529204e4f54204e554c4c2c0d0a0949444f736f6265202020202020202020202020202020494e5445474552204e4f54204e554c4c0d0a290d0a3b0d0a0d0a0d0a0d0a414c544552205441424c45204f434a454e410d0a0941444420205052494d415259204b455920285672696a656d652c49444b6e6a6967652c4b6f7269736e69636b6f496d652c49444f736f6265290d0a3b0d0a0d0a0d0a0d0a435245415445205441424c45204f534f42410d0a280d0a0949444f736f6265202020202020202020202020202020494e5445474552204e554c4c204155544f5f494e4352454d454e542c0d0a09496d65495072657a696d652020202020202020202020564152434841522832353529204e4f54204e554c4c2c0d0a09456d61696c2020202020202020202020202020202020564152434841522832353529204e4f54204e554c4c2c0d0a095052494d415259204b4559202849444f736f6265290d0a290d0a3b0d0a0d0a0d0a2f2a0d0a414c544552205441424c45204f534f42410d0a0941444420205052494d415259204b4559202849444f736f6265290d0a3b0d0a2a2f0d0a0d0a0d0a435245415445205441424c4520504f444a454c4a454e415f53410d0a280d0a094c696e6b202020202020202020202020202020202020564152434841522832353529204e554c4c2c0d0a094e617a69762020202020202020202020202020202020564152434841522832353529204e4f54204e554c4c2c0d0a0949444b6e6a6967652020202020202020202020202020494e5445474552204e4f54204e554c4c2c0d0a094b6f7269736e69636b6f496d65202020202020202020564152434841522832353529204e4f54204e554c4c2c0d0a0949444f736f6265202020202020202020202020202020494e5445474552204e4f54204e554c4c2c0d0a09497a6d6a656e65202020202020202020202020202020626f6f6c65616e204e4f54204e554c4c0d0a290d0a3b0d0a0d0a0d0a0d0a414c544552205441424c4520504f444a454c4a454e415f53410d0a0941444420205052494d415259204b455920284e617a69762c49444b6e6a6967652c4b6f7269736e69636b6f496d652c49444f736f6265290d0a3b0d0a0d0a0d0a0d0a435245415445205441424c4520504f52554b410d0a280d0a09536164727a616a20202020202020202020202020202054455854204e4f54204e554c4c2c0d0a095672696a656d6520202020202020202020202020202054494d455354414d50204e554c4c2c0d0a094b6f7269736e69636b6f496d65202020202020202020564152434841522832353529204e4f54204e554c4c2c0d0a0949444f736f6265202020202020202020202020202020494e5445474552204e4f54204e554c4c2c0d0a0949444b6e6a6967652020202020202020202020202020494e5445474552204e554c4c2c0d0a094f64676f766f72656e61202020202020202020202020626f6f6c65616e204e554c4c0d0a290d0a3b0d0a0d0a0d0a0d0a414c544552205441424c4520504f52554b410d0a0941444420205052494d415259204b455920285672696a656d652c4b6f7269736e69636b6f496d652c49444f736f6265290d0a3b0d0a0d0a0d0a0d0a435245415445205441424c4520504f534a4554494f0d0a280d0a095672696a656d6520202020202020202020202020202054494d455354414d50204e554c4c2c0d0a095472616a616e6a65202020202020202020202020202054494d45204e4f54204e554c4c2c0d0a094b6f7269736e69636b6f496d65202020202020202020564152434841522832353529204e4f54204e554c4c2c0d0a0949444f736f6265202020202020202020202020202020494e5445474552204e4f54204e554c4c2c0d0a0949444b6e6a6967652020202020202020202020202020494e5445474552204e4f54204e554c4c0d0a290d0a3b0d0a0d0a0d0a0d0a414c544552205441424c4520504f534a4554494f0d0a0941444420205052494d415259204b455920285672696a656d652c4b6f7269736e69636b6f496d652c49444f736f62652c49444b6e6a696765290d0a3b0d0a0d0a0d0a0d0a435245415445205441424c452052494a45430d0a280d0a09494452696a6563692020202020202020202020202020494e5445474552204e554c4c204155544f5f494e4352454d454e542c0d0a0952696a65632020202020202020202020202020202020564152434841522831323729204e4f54204e554c4c2c0d0a09506f636574616b20202020202020202020202020202054494d45204e4f54204e554c4c2c0d0a095265646e6942726f6a20202020202020202020202020494e5445474552204e4f54204e554c4c2c0d0a095370656b746f6772616d202020202020202020202020424c4f42204e554c4c2c0d0a0949444b6e6a6967652020202020202020202020202020494e5445474552204e4f54204e554c4c2c0d0a09434f4e53545241494e542055435f52696a656320554e4951554520285265646e6942726f6a2c49444b6e6a696765292c0d0a095052494d415259204b45592028494452696a656369290d0a090d0a290d0a3b0d0a0d0a0d0a2f2a0d0a414c544552205441424c452052494a45430d0a0941444420205052494d415259204b45592028494452696a656369290d0a3b0d0a2a2f0d0a0d0a0d0a435245415445205441424c452054454c45464f4e5f4f534f42450d0a280d0a0942726f6a54656c65666f6e61202020202020202020205641524348415228363329204e554c4c2c0d0a0954697054656c65666f6e612020202020202020202020564152434841522832353529204e4f54204e554c4c2c0d0a09446174756d417a75726972616e6a612020202020202054494d455354414d50204e4f54204e554c4c2c0d0a0949444f736f6265202020202020202020202020202020494e5445474552204e4f54204e554c4c0d0a290d0a3b0d0a0d0a0d0a0d0a414c544552205441424c452054454c45464f4e5f4f534f42450d0a0941444420205052494d415259204b4559202842726f6a54656c65666f6e612c49444f736f6265290d0a3b0d0a0d0a0d0a0d0a435245415445205441424c45205a41444154414b0d0a280d0a0949445a616461746b6120202020202020202020202020494e5445474552204e554c4c204155544f5f494e4352454d454e542c0d0a094f70697320202020202020202020202020202020202054455854204e4f54204e554c4c2c0d0a09446174756d506f6365746b612020202020202020202044415445204e4f54204e554c4c2c0d0a09526f6b2020202020202020202020202020202020202044415445204e4f54204e554c4c2c0d0a095a61767273656e202020202020202020202020202020626f6f6c65616e204e4f54204e554c4c2c0d0a09426c6f6b6972616e2020202020202020202020202020626f6f6c65616e204e4f54204e554c4c2c0d0a0942726f6a507265647669646a656e6968536174692020494e5445474552204e4f54204e554c4c2c0d0a0942726f6a5574726f73656e6968536174692020202020494e5445474552204e4f54204e554c4c2c0d0a094a6f73506f747265626e696853617469202020202020494e5445474552204e4f54204e554c4c2c0d0a095052494d415259204b4559202849445a616461746b61290d0a290d0a3b0d0a0d0a0d0a2f2a0d0a414c544552205441424c45205a41444154414b0d0a0941444420205052494d415259204b4559202849445a616461746b61290d0a3b0d0a2a2f0d0a0d0a0d0a414c544552205441424c452041444d494e4953545241544f520d0a0941444420464f524549474e204b455920284b6f7269736e69636b6f496d652c49444f736f626529205245464552454e434553204b4f5249534e494b284b6f7269736e69636b6f496d652c49444f736f6265290d0a09094f4e2044454c45544520434153434144450d0a3b0d0a0d0a0d0a414c544552205441424c452041444d494e4953545241544f520d0a0941444420464f524549474e204b4559202849444f736f626529205245464552454e434553204b4f4e54414b545f4f534f42412849444f736f6265290d0a09094f4e2044454c45544520434153434144450d0a3b0d0a0d0a0d0a414c544552205441424c452041444d494e4953545241544f520d0a0941444420464f524549474e204b455920525f323620284e61647a6f7229205245464552454e434553204b4e4a4947412849444b6e6a696765290d0a3b0d0a0d0a0d0a414c544552205441424c452041444d494e4953545241544f520d0a0941444420464f524549474e204b455920525f3237202849444b6e6a69676529205245464552454e434553204b4e4a4947412849444b6e6a696765290d0a3b0d0a0d0a0d0a0d0a414c544552205441424c4520495a44415641435f494d415f4b4f4e54414b544f534f42550d0a0941444420464f524549474e204b455920525f313720284e617a697629205245464552454e43455320495a4441564143284e617a6976290d0a3b0d0a0d0a0d0a414c544552205441424c4520495a44415641435f494d415f4b4f4e54414b544f534f42550d0a0941444420464f524549474e204b455920525f3138202849444f736f626529205245464552454e434553204b4f4e54414b545f4f534f42412849444f736f6265290d0a3b0d0a0d0a0d0a0d0a414c544552205441424c4520495a564a455354414a0d0a0941444420464f524549474e204b455920525f313220284b6f7269736e69636b6f496d652c49444f736f62652c49445a616461746b6129205245464552454e434553204a455f5a4144555a454e5f5a41284b6f7269736e69636b6f496d652c49444f736f62652c49445a616461746b61290d0a3b0d0a0d0a0d0a0d0a414c544552205441424c45204a455f5a4144555a454e5f5a410d0a0941444420464f524549474e204b455920525f313020284b6f7269736e69636b6f496d652c49444f736f626529205245464552454e4345532041444d494e4953545241544f52284b6f7269736e69636b6f496d652c49444f736f6265290d0a3b0d0a0d0a0d0a414c544552205441424c45204a455f5a4144555a454e5f5a410d0a0941444420464f524549474e204b455920525f3131202849445a616461746b6129205245464552454e434553205a41444154414b2849445a616461746b61290d0a3b0d0a0d0a0d0a0d0a414c544552205441424c45204a455a494b5f4f534f42410d0a0941444420464f524549474e204b455920525f343620284a657a696b29205245464552454e434553204a455a494b5f4f534f4245284a657a696b290d0a3b0d0a0d0a0d0a414c544552205441424c45204a455a494b5f4f534f42410d0a0941444420464f524549474e204b455920525f3438202849444f736f626529205245464552454e434553204f534f42412849444f736f6265290d0a3b0d0a0d0a0d0a0d0a414c544552205441424c45204b4e4a4947410d0a0941444420464f524549474e204b455920525f3235202849445a616461746b6129205245464552454e434553205a41444154414b2849445a616461746b61290d0a3b0d0a0d0a0d0a414c544552205441424c45204b4e4a4947410d0a0941444420464f524549474e204b455920525f35362028464b5f497a646176616329205245464552454e43455320495a4441564143284e617a6976290d0a3b0d0a0d0a0d0a414c544552205441424c45204b4e4a4947410d0a0941444420464f524549474e204b455920525f35372028464b5f4b6f6d706c657429205245464552454e434553204b4f4d504c4554284e617a6976290d0a3b0d0a0d0a0d0a414c544552205441424c45204b4e4a4947410d0a0941444420464f524549474e204b455920525f35392028464b5f4a657a696b29205245464552454e434553204a455a494b5f4f534f4245284a657a696b290d0a3b0d0a0d0a0d0a0d0a414c544552205441424c45204b4e4a4947415f4b415445474f52494a410d0a0941444420464f524549474e204b455920525f3433202849444b6e6a69676529205245464552454e434553204b4e4a4947412849444b6e6a696765290d0a3b0d0a0d0a0d0a414c544552205441424c45204b4e4a4947415f4b415445474f52494a410d0a0941444420464f524549474e204b455920525f3435202849444b617465676f72696a6529205245464552454e434553204b415445474f52494a412849444b617465676f72696a65290d0a3b0d0a0d0a0d0a0d0a414c544552205441424c45204b4f4d454e5441525f4b490d0a0941444420464f524549474e204b455920525f353120284e617a69762c49444b6e6a6967652c4b6f7269736e69636b6f496d652c49444f736f626529205245464552454e434553204b4f5249534e49434b415f494e5354414e4341284e617a69762c49444b6e6a6967652c4b6f7269736e69636b6f496d652c49444f736f6265290d0a3b0d0a0d0a0d0a414c544552205441424c45204b4f4d454e5441520d0a0941444420464f524549474e204b455920525f353220284b6f7269736e69636b6f496d652c49444f736f626529205245464552454e434553204b4f5249534e494b284b6f7269736e69636b6f496d652c49444f736f6265290d0a3b0d0a0d0a0d0a0d0a414c544552205441424c45204b4f4d454e5441520d0a0941444420464f524549474e204b455920525f3533202849444b6e6a69676529205245464552454e434553204b4e4a4947412849444b6e6a696765290d0a3b0d0a0d0a0d0a414c544552205441424c45204b4f4d454e5441520d0a0941444420464f524549474e204b455920525f353420284b6f7269736e69636b6f496d652c49444f736f626529205245464552454e434553204b4f5249534e494b284b6f7269736e69636b6f496d652c49444f736f6265290d0a3b0d0a0d0a0d0a0d0a414c544552205441424c45204b4f4e54414b545f4f534f42410d0a0941444420464f524549474e204b4559202849444f736f626529205245464552454e434553204f534f42412849444f736f6265290d0a09094f4e2044454c45544520434153434144450d0a3b0d0a0d0a0d0a414c544552205441424c45204b4f4e54414b545f4f534f42410d0a0941444420464f524549474e204b455920525f3238202849444b6e6a69676529205245464552454e434553204b4e4a4947412849444b6e6a696765290d0a3b0d0a0d0a0d0a0d0a414c544552205441424c45204b4f5249534e49434b415f494e5354414e43410d0a0941444420464f524549474e204b455920525f3139202849444b6e6a69676529205245464552454e434553204b4e4a4947412849444b6e6a696765290d0a3b0d0a0d0a0d0a414c544552205441424c45204b4f5249534e49434b415f494e5354414e43410d0a0941444420464f524549474e204b455920525f323020284b6f7269736e69636b6f496d652c49444f736f626529205245464552454e434553204b4f5249534e494b284b6f7269736e69636b6f496d652c49444f736f6265290d0a3b0d0a0d0a0d0a0d0a414c544552205441424c45204b4f5249534e494b0d0a0941444420464f524549474e204b4559202849444f736f626529205245464552454e434553204f534f42412849444f736f6265290d0a09094f4e2044454c45544520434153434144450d0a3b0d0a0d0a0d0a0d0a414c544552205441424c45204e41504f4d454e410d0a0941444420464f524549474e204b455920525f33302028494452696a65636929205245464552454e4345532052494a454328494452696a656369290d0a3b0d0a0d0a0d0a414c544552205441424c45204e41504f4d454e410d0a0941444420464f524549474e204b455920525f333120284b6f7269736e69636b6f496d652c49444f736f626529205245464552454e434553204b4f5249534e494b284b6f7269736e69636b6f496d652c49444f736f6265290d0a3b0d0a0d0a0d0a414c544552205441424c45204e41504f4d454e410d0a0941444420464f524549474e204b455920525f333720284e617a69762c49444b6e6a6967652c4b6f7269736e69636b6f496d652c49444f736f626529205245464552454e434553204b4f5249534e49434b415f494e5354414e4341284e617a69762c49444b6e6a6967652c4b6f7269736e69636b6f496d652c49444f736f6265290d0a3b0d0a0d0a0d0a0d0a414c544552205441424c45204f434a454e410d0a0941444420464f524549474e204b455920525f3338202849444b6e6a69676529205245464552454e434553204b4e4a4947412849444b6e6a696765290d0a3b0d0a0d0a0d0a414c544552205441424c45204f434a454e410d0a0941444420464f524549474e204b455920525f333920284b6f7269736e69636b6f496d652c49444f736f626529205245464552454e434553204b4f5249534e494b284b6f7269736e69636b6f496d652c49444f736f6265290d0a3b0d0a0d0a0d0a0d0a414c544552205441424c4520504f444a454c4a454e415f53410d0a0941444420464f524549474e204b455920525f323120284e617a69762c49444b6e6a6967652c4b6f7269736e69636b6f496d652c49444f736f626529205245464552454e434553204b4f5249534e49434b415f494e5354414e4341284e617a69762c49444b6e6a6967652c4b6f7269736e69636b6f496d652c49444f736f6265290d0a3b0d0a0d0a0d0a414c544552205441424c4520504f444a454c4a454e415f53410d0a0941444420464f524549474e204b455920525f333620284b6f7269736e69636b6f496d652c49444f736f626529205245464552454e434553204b4f5249534e494b284b6f7269736e69636b6f496d652c49444f736f6265290d0a3b0d0a0d0a0d0a0d0a414c544552205441424c4520504f52554b410d0a0941444420464f524549474e204b455920525f343020284b6f7269736e69636b6f496d652c49444f736f626529205245464552454e434553204b4f5249534e494b284b6f7269736e69636b6f496d652c49444f736f6265290d0a3b0d0a0d0a0d0a414c544552205441424c4520504f52554b410d0a0941444420464f524549474e204b455920525f3431202849444b6e6a69676529205245464552454e434553204b4e4a4947412849444b6e6a696765290d0a3b0d0a0d0a0d0a0d0a414c544552205441424c4520504f534a4554494f0d0a0941444420464f524549474e204b455920525f323320284b6f7269736e69636b6f496d652c49444f736f626529205245464552454e434553204b4f5249534e494b284b6f7269736e69636b6f496d652c49444f736f6265290d0a3b0d0a0d0a0d0a414c544552205441424c4520504f534a4554494f0d0a0941444420464f524549474e204b455920525f3234202849444b6e6a69676529205245464552454e434553204b4e4a4947412849444b6e6a696765290d0a3b0d0a0d0a0d0a0d0a414c544552205441424c452052494a45430d0a0941444420464f524549474e204b455920525f3432202849444b6e6a69676529205245464552454e434553204b4e4a4947412849444b6e6a696765290d0a3b0d0a0d0a0d0a0d0a414c544552205441424c452054454c45464f4e5f4f534f42450d0a0941444420464f524549474e204b455920525f32202849444f736f626529205245464552454e434553204b4f4e54414b545f4f534f42412849444f736f6265290d0a3b0d0a, 27),
(24, 'ili', '00:00:01', 1, NULL, 27),
(25, 'ako', '00:00:02', 2, NULL, 27);

-- --------------------------------------------------------

--
-- Table structure for table `telefon_osobe`
--

CREATE TABLE `telefon_osobe` (
  `BrojTelefona` varchar(63) COLLATE utf8_unicode_ci NOT NULL,
  `TipTelefona` varchar(255) COLLATE utf8_unicode_ci NOT NULL,
  `DatumAzuriranja` timestamp NOT NULL DEFAULT CURRENT_TIMESTAMP ON UPDATE CURRENT_TIMESTAMP,
  `IDOsobe` int(11) NOT NULL
) ENGINE=InnoDB DEFAULT CHARSET=utf8 COLLATE=utf8_unicode_ci;

--
-- Dumping data for table `telefon_osobe`
--

INSERT INTO `telefon_osobe` (`BrojTelefona`, `TipTelefona`, `DatumAzuriranja`, `IDOsobe`) VALUES
('051/436-574', 'tip tel', '2017-04-21 21:58:46', 35),
('065/319-315', 'tip tel', '2017-04-21 21:58:46', 35),
('065319315', 'tip tel', '2017-04-20 02:33:31', 18);

-- --------------------------------------------------------

--
-- Table structure for table `zadatak`
--

CREATE TABLE `zadatak` (
  `IDZadatka` int(11) NOT NULL,
  `Opis` text COLLATE utf8_unicode_ci NOT NULL,
  `DatumPocetka` date NOT NULL,
  `Rok` date NOT NULL,
  `Zavrsen` tinyint(1) NOT NULL,
  `Blokiran` tinyint(1) NOT NULL,
  `BrojPredvidjenihSati` int(11) NOT NULL,
  `BrojUtrosenihSati` int(11) NOT NULL,
  `JosPotrebnihSati` int(11) NOT NULL
) ENGINE=InnoDB DEFAULT CHARSET=utf8 COLLATE=utf8_unicode_ci;

--
-- Dumping data for table `zadatak`
--

INSERT INTO `zadatak` (`IDZadatka`, `Opis`, `DatumPocetka`, `Rok`, `Zavrsen`, `Blokiran`, `BrojPredvidjenihSati`, `BrojUtrosenihSati`, `JosPotrebnihSati`) VALUES
(1, 'Npraviti novu knjigu - naziv \"Kako efinaksnije pretrazivati internet\"', '2017-04-16', '2017-04-19', 0, 0, 10, 0, 10),
(2, 'Drugi zadatak ikad.', '2017-04-04', '2017-04-11', 0, 0, 15, 0, 15),
(7, 'Prvi zadatak kreiran formom!', '2017-04-23', '2017-04-23', 1, 0, 3, 30, 0),
(8, 'Prvi izmjenjen preko forme!', '2017-04-23', '2021-04-16', 0, 1, 1, 15, 3),
(15, 'Drugi za prikaz', '2017-02-23', '2017-02-23', 0, 0, 1, 2, 3),
(16, 'Treci za prikaz', '2017-01-23', '2020-04-23', 0, 0, 4, 5, 6),
(17, 'Cetvrti za prikaz', '2015-06-23', '2018-02-23', 0, 0, 6, 5, 4),
(18, 'Peti za prikaz', '2017-04-23', '2017-04-23', 0, 0, 4, 6, 7),
(19, 'Sesti za prikaz!', '2017-04-23', '2017-04-23', 0, 0, 8, 9, 10),
(20, 'Zadatak za prebacivanje na novog admina kada se orignalni (\"zadaci\") obrise!', '2017-04-23', '2017-04-28', 0, 0, 5, 2, 3),
(21, 'Drugi zadatak za prebacivanje kada se ogrinalni obrise', '2017-04-23', '2017-05-06', 0, 0, 15, 5, 5),
(22, 'Treba da se prabaci na drugog kada se korisnik \"brisanje\" obrise', '2017-04-27', '2017-04-27', 0, 0, 15, 0, 15),
(23, 'Treba da se prabaci na drugog kada se korisnik(korisnicko ime: \"brisanje\") obrise', '2017-04-27', '2017-04-27', 0, 1, 12, 0, 12),
(24, 'Brisanje,prebacivanje', '2017-04-27', '2017-04-27', 0, 0, 12, 0, 13),
(25, 'Kada se obrise korisnik \"brisanje\" bice prebacen', '2017-04-27', '2017-04-27', 0, 0, 15, 0, 16);

-- --------------------------------------------------------

--
-- Structure for view `admin`
--
DROP TABLE IF EXISTS `admin`;

CREATE ALGORITHM=UNDEFINED DEFINER=`root`@`localhost` SQL SECURITY DEFINER VIEW `admin`  AS  select `korisnik`.`KorisnickoIme` AS `KorisnickoIme`,`osoba`.`ImeIPrezime` AS `ImeIPrezime`,`korisnik`.`LozinkaZaPristupSistemu` AS `LozinkaZaPristupSistemu`,`osoba`.`IDOsobe` AS `IDOsobe` from ((`osoba` join `korisnik` on((`osoba`.`IDOsobe` = `korisnik`.`IDOsobe`))) join `administrator` on(((`osoba`.`IDOsobe` = `administrator`.`IDOsobe`) and (`korisnik`.`KorisnickoIme` = `administrator`.`KorisnickoIme`)))) ;

-- --------------------------------------------------------

--
-- Structure for view `administratorview`
--
DROP TABLE IF EXISTS `administratorview`;

CREATE ALGORITHM=UNDEFINED DEFINER=`root`@`localhost` SQL SECURITY DEFINER VIEW `administratorview`  AS  select `osoba`.`IDOsobe` AS `IDOsobe`,`korisnik`.`KorisnickoIme` AS `KorisnickoIme`,`osoba`.`ImeIPrezime` AS `ImeIPrezime`,`osoba`.`Email` AS `Email`,`korisnik`.`DatumRegistracije` AS `DatumRegistracije`,`korisnik`.`LozinkaZaPristupSistemu` AS `LozinkaZaPristupSistemu`,`korisnik`.`Aktivan` AS `Aktivan`,`kontakt_osoba`.`Adresa` AS `Adresa` from (((`osoba` join `korisnik` on((`osoba`.`IDOsobe` = `korisnik`.`IDOsobe`))) join `kontakt_osoba` on((`osoba`.`IDOsobe` = `kontakt_osoba`.`IDOsobe`))) join `administrator` on(((`osoba`.`IDOsobe` = `administrator`.`IDOsobe`) and (`korisnik`.`KorisnickoIme` = `administrator`.`KorisnickoIme`)))) ;

-- --------------------------------------------------------

--
-- Structure for view `aktivni_korisnici`
--
DROP TABLE IF EXISTS `aktivni_korisnici`;

CREATE ALGORITHM=UNDEFINED DEFINER=`root`@`localhost` SQL SECURITY DEFINER VIEW `aktivni_korisnici`  AS  select `korisnik`.`KorisnickoIme` AS `KorisnickoIme`,`osoba`.`ImeIPrezime` AS `ImeIPrezime`,`osoba`.`Email` AS `Email`,`korisnik`.`LozinkaZaPristupSistemu` AS `LozinkaZaPristupSistemu`,`korisnik`.`DatumRegistracije` AS `DatumRegistracije` from (`osoba` join `korisnik` on((`osoba`.`IDOsobe` = `korisnik`.`IDOsobe`))) where (`korisnik`.`Aktivan` = 1) WITH CASCADED CHECK OPTION ;

-- --------------------------------------------------------

--
-- Structure for view `messages`
--
DROP TABLE IF EXISTS `messages`;

CREATE ALGORITHM=UNDEFINED DEFINER=`root`@`localhost` SQL SECURITY DEFINER VIEW `messages`  AS  select `p`.`KorisnickoIme` AS `KorisnickoIme`,`osoba`.`ImeIPrezime` AS `ImeIPrezime`,`p`.`Vrijeme` AS `Vrijeme`,`k`.`Naziv` AS `Knjiga`,`p`.`Sadrzaj` AS `Sadrzaj`,`osoba`.`Email` AS `Email`,`p`.`IDOsobe` AS `IDOsobe` from (((`poruka` `p` join `korisnik` on(((`p`.`KorisnickoIme` = `korisnik`.`KorisnickoIme`) and (`p`.`IDOsobe` = `korisnik`.`IDOsobe`)))) join `osoba` on((`p`.`IDOsobe` = `osoba`.`IDOsobe`))) left join `knjiga` `k` on((`p`.`IDKnjige` = `k`.`IDKnjige`))) where ((`p`.`Odgovorena` = 0) or isnull(`p`.`Odgovorena`)) order by `p`.`Vrijeme` ;

--
-- Indexes for dumped tables
--

--
-- Indexes for table `administrator`
--
ALTER TABLE `administrator`
  ADD PRIMARY KEY (`KorisnickoIme`,`IDOsobe`),
  ADD KEY `administrator_ibfk_2` (`IDOsobe`);

--
-- Indexes for table `izdavac`
--
ALTER TABLE `izdavac`
  ADD PRIMARY KEY (`Naziv`);

--
-- Indexes for table `izdavac_ima_kontaktosobu`
--
ALTER TABLE `izdavac_ima_kontaktosobu`
  ADD PRIMARY KEY (`Naziv`,`IDOsobe`),
  ADD KEY `R_18` (`IDOsobe`);

--
-- Indexes for table `izvjestaj`
--
ALTER TABLE `izvjestaj`
  ADD PRIMARY KEY (`Vrijeme`,`KorisnickoIme`,`IDOsobe`,`IDZadatka`),
  ADD KEY `R_12` (`KorisnickoIme`,`IDOsobe`,`IDZadatka`);

--
-- Indexes for table `jezik`
--
ALTER TABLE `jezik`
  ADD PRIMARY KEY (`Jezik`);

--
-- Indexes for table `jezik_osoba`
--
ALTER TABLE `jezik_osoba`
  ADD PRIMARY KEY (`Jezik`,`IDOsobe`),
  ADD KEY `R_48` (`IDOsobe`);

--
-- Indexes for table `je_zaduzen_za`
--
ALTER TABLE `je_zaduzen_za`
  ADD PRIMARY KEY (`KorisnickoIme`,`IDOsobe`,`IDZadatka`),
  ADD KEY `R_11` (`IDZadatka`);

--
-- Indexes for table `kategorija`
--
ALTER TABLE `kategorija`
  ADD PRIMARY KEY (`IDKategorije`);

--
-- Indexes for table `knjiga`
--
ALTER TABLE `knjiga`
  ADD PRIMARY KEY (`IDKnjige`),
  ADD KEY `R_25` (`IDZadatka`),
  ADD KEY `R_56` (`FK_Izdavac`),
  ADD KEY `R_57` (`FK_Komplet`),
  ADD KEY `R_59` (`FK_Jezik`),
  ADD KEY `Nadzor_KorisnickoIme(FK)` (`Nadzor_KorisnickoIme(FK)`),
  ADD KEY `Nadzor_IDOsobe` (`Nadzor_IDOsobe`),
  ADD KEY `OdgovornaO_KorisnickoIme(FK)` (`OdgovornaO_KorisnickoIme(FK)`),
  ADD KEY `OdgovornaO_IDOsobe` (`OdgovornaO_IDOsobe`);

--
-- Indexes for table `knjiga_kategorija`
--
ALTER TABLE `knjiga_kategorija`
  ADD PRIMARY KEY (`IDKnjige`,`IDKategorije`),
  ADD KEY `R_45` (`IDKategorije`);

--
-- Indexes for table `komentar`
--
ALTER TABLE `komentar`
  ADD PRIMARY KEY (`Vrijeme`,`IDKnjige`,`KorisnickoIme`,`IDOsobe`),
  ADD KEY `R_53` (`IDKnjige`),
  ADD KEY `R_54` (`KorisnickoIme`,`IDOsobe`);

--
-- Indexes for table `komentar_ki`
--
ALTER TABLE `komentar_ki`
  ADD PRIMARY KEY (`Vrijeme`,`Naziv`,`IDKnjige`,`KorisnickoIme`,`IDOsobe`),
  ADD KEY `R_51` (`Naziv`,`IDKnjige`,`KorisnickoIme`,`IDOsobe`);

--
-- Indexes for table `komplet`
--
ALTER TABLE `komplet`
  ADD PRIMARY KEY (`Naziv`);

--
-- Indexes for table `kontakt_osoba`
--
ALTER TABLE `kontakt_osoba`
  ADD PRIMARY KEY (`IDOsobe`);

--
-- Indexes for table `korisnicka_instanca`
--
ALTER TABLE `korisnicka_instanca`
  ADD PRIMARY KEY (`Naziv`,`IDKnjige`,`KorisnickoIme`,`IDOsobe`),
  ADD KEY `R_19` (`IDKnjige`),
  ADD KEY `R_20` (`KorisnickoIme`,`IDOsobe`);

--
-- Indexes for table `korisnik`
--
ALTER TABLE `korisnik`
  ADD PRIMARY KEY (`KorisnickoIme`,`IDOsobe`),
  ADD UNIQUE KEY `KorisnickoIme` (`KorisnickoIme`),
  ADD KEY `IDOsobe` (`IDOsobe`);

--
-- Indexes for table `napomena`
--
ALTER TABLE `napomena`
  ADD PRIMARY KEY (`IDRijeci`,`KorisnickoIme`,`IDOsobe`,`Vrijeme`,`Naziv`,`IDKnjige`),
  ADD KEY `R_31` (`KorisnickoIme`,`IDOsobe`),
  ADD KEY `R_37` (`Naziv`,`IDKnjige`,`KorisnickoIme`,`IDOsobe`);

--
-- Indexes for table `ocjena`
--
ALTER TABLE `ocjena`
  ADD PRIMARY KEY (`Vrijeme`,`IDKnjige`,`KorisnickoIme`,`IDOsobe`),
  ADD KEY `R_38` (`IDKnjige`),
  ADD KEY `R_39` (`KorisnickoIme`,`IDOsobe`);

--
-- Indexes for table `osoba`
--
ALTER TABLE `osoba`
  ADD PRIMARY KEY (`IDOsobe`);

--
-- Indexes for table `podjeljena_sa`
--
ALTER TABLE `podjeljena_sa`
  ADD PRIMARY KEY (`Naziv`,`IDKnjige`,`KorisnickoIme`,`IDOsobe`),
  ADD KEY `R_36` (`KorisnickoIme`,`IDOsobe`);

--
-- Indexes for table `poruka`
--
ALTER TABLE `poruka`
  ADD PRIMARY KEY (`Vrijeme`,`KorisnickoIme`,`IDOsobe`),
  ADD KEY `R_40` (`KorisnickoIme`,`IDOsobe`),
  ADD KEY `R_41` (`IDKnjige`);

--
-- Indexes for table `posjetio`
--
ALTER TABLE `posjetio`
  ADD PRIMARY KEY (`Vrijeme`,`KorisnickoIme`,`IDOsobe`,`IDKnjige`),
  ADD KEY `R_23` (`KorisnickoIme`,`IDOsobe`),
  ADD KEY `R_24` (`IDKnjige`);

--
-- Indexes for table `rijec`
--
ALTER TABLE `rijec`
  ADD PRIMARY KEY (`IDRijeci`),
  ADD UNIQUE KEY `UC_Rijec` (`RedniBroj`,`IDKnjige`),
  ADD KEY `R_42` (`IDKnjige`);

--
-- Indexes for table `telefon_osobe`
--
ALTER TABLE `telefon_osobe`
  ADD PRIMARY KEY (`BrojTelefona`,`IDOsobe`),
  ADD KEY `R_2` (`IDOsobe`);

--
-- Indexes for table `zadatak`
--
ALTER TABLE `zadatak`
  ADD PRIMARY KEY (`IDZadatka`);

--
-- AUTO_INCREMENT for dumped tables
--

--
-- AUTO_INCREMENT for table `kategorija`
--
ALTER TABLE `kategorija`
  MODIFY `IDKategorije` int(11) NOT NULL AUTO_INCREMENT;
--
-- AUTO_INCREMENT for table `knjiga`
--
ALTER TABLE `knjiga`
  MODIFY `IDKnjige` int(11) NOT NULL AUTO_INCREMENT, AUTO_INCREMENT=28;
--
-- AUTO_INCREMENT for table `osoba`
--
ALTER TABLE `osoba`
  MODIFY `IDOsobe` int(11) NOT NULL AUTO_INCREMENT, AUTO_INCREMENT=41;
--
-- AUTO_INCREMENT for table `rijec`
--
ALTER TABLE `rijec`
  MODIFY `IDRijeci` int(11) NOT NULL AUTO_INCREMENT, AUTO_INCREMENT=26;
--
-- AUTO_INCREMENT for table `zadatak`
--
ALTER TABLE `zadatak`
  MODIFY `IDZadatka` int(11) NOT NULL AUTO_INCREMENT, AUTO_INCREMENT=26;
--
-- Constraints for dumped tables
--

--
-- Constraints for table `administrator`
--
ALTER TABLE `administrator`
  ADD CONSTRAINT `administrator_ibfk_1` FOREIGN KEY (`KorisnickoIme`,`IDOsobe`) REFERENCES `korisnik` (`KorisnickoIme`, `IDOsobe`) ON DELETE CASCADE ON UPDATE CASCADE,
  ADD CONSTRAINT `administrator_ibfk_2` FOREIGN KEY (`IDOsobe`) REFERENCES `kontakt_osoba` (`IDOsobe`) ON DELETE CASCADE ON UPDATE CASCADE;

--
-- Constraints for table `izdavac_ima_kontaktosobu`
--
ALTER TABLE `izdavac_ima_kontaktosobu`
  ADD CONSTRAINT `R_17` FOREIGN KEY (`Naziv`) REFERENCES `izdavac` (`Naziv`),
  ADD CONSTRAINT `R_18` FOREIGN KEY (`IDOsobe`) REFERENCES `kontakt_osoba` (`IDOsobe`);

--
-- Constraints for table `izvjestaj`
--
ALTER TABLE `izvjestaj`
  ADD CONSTRAINT `R_12` FOREIGN KEY (`KorisnickoIme`,`IDOsobe`,`IDZadatka`) REFERENCES `je_zaduzen_za` (`KorisnickoIme`, `IDOsobe`, `IDZadatka`);

--
-- Constraints for table `jezik_osoba`
--
ALTER TABLE `jezik_osoba`
  ADD CONSTRAINT `R_46` FOREIGN KEY (`Jezik`) REFERENCES `jezik` (`Jezik`),
  ADD CONSTRAINT `R_48` FOREIGN KEY (`IDOsobe`) REFERENCES `osoba` (`IDOsobe`);

--
-- Constraints for table `je_zaduzen_za`
--
ALTER TABLE `je_zaduzen_za`
  ADD CONSTRAINT `R_10` FOREIGN KEY (`KorisnickoIme`,`IDOsobe`) REFERENCES `administrator` (`KorisnickoIme`, `IDOsobe`),
  ADD CONSTRAINT `R_11` FOREIGN KEY (`IDZadatka`) REFERENCES `zadatak` (`IDZadatka`) ON DELETE CASCADE ON UPDATE CASCADE;

--
-- Constraints for table `knjiga`
--
ALTER TABLE `knjiga`
  ADD CONSTRAINT `R_25` FOREIGN KEY (`IDZadatka`) REFERENCES `zadatak` (`IDZadatka`),
  ADD CONSTRAINT `R_56` FOREIGN KEY (`FK_Izdavac`) REFERENCES `izdavac` (`Naziv`),
  ADD CONSTRAINT `R_57` FOREIGN KEY (`FK_Komplet`) REFERENCES `komplet` (`Naziv`),
  ADD CONSTRAINT `R_59` FOREIGN KEY (`FK_Jezik`) REFERENCES `jezik` (`Jezik`),
  ADD CONSTRAINT `knjiga_ibfk_1` FOREIGN KEY (`Nadzor_KorisnickoIme(FK)`) REFERENCES `administrator` (`KorisnickoIme`),
  ADD CONSTRAINT `knjiga_ibfk_2` FOREIGN KEY (`Nadzor_IDOsobe`) REFERENCES `administrator` (`IDOsobe`),
  ADD CONSTRAINT `knjiga_ibfk_3` FOREIGN KEY (`OdgovornaO_KorisnickoIme(FK)`) REFERENCES `administrator` (`KorisnickoIme`),
  ADD CONSTRAINT `knjiga_ibfk_4` FOREIGN KEY (`OdgovornaO_IDOsobe`) REFERENCES `administrator` (`IDOsobe`);

--
-- Constraints for table `knjiga_kategorija`
--
ALTER TABLE `knjiga_kategorija`
  ADD CONSTRAINT `R_43` FOREIGN KEY (`IDKnjige`) REFERENCES `knjiga` (`IDKnjige`),
  ADD CONSTRAINT `R_45` FOREIGN KEY (`IDKategorije`) REFERENCES `kategorija` (`IDKategorije`);

--
-- Constraints for table `komentar`
--
ALTER TABLE `komentar`
  ADD CONSTRAINT `R_52` FOREIGN KEY (`KorisnickoIme`,`IDOsobe`) REFERENCES `korisnik` (`KorisnickoIme`, `IDOsobe`),
  ADD CONSTRAINT `R_53` FOREIGN KEY (`IDKnjige`) REFERENCES `knjiga` (`IDKnjige`),
  ADD CONSTRAINT `R_54` FOREIGN KEY (`KorisnickoIme`,`IDOsobe`) REFERENCES `korisnik` (`KorisnickoIme`, `IDOsobe`);

--
-- Constraints for table `komentar_ki`
--
ALTER TABLE `komentar_ki`
  ADD CONSTRAINT `R_51` FOREIGN KEY (`Naziv`,`IDKnjige`,`KorisnickoIme`,`IDOsobe`) REFERENCES `korisnicka_instanca` (`Naziv`, `IDKnjige`, `KorisnickoIme`, `IDOsobe`);

--
-- Constraints for table `kontakt_osoba`
--
ALTER TABLE `kontakt_osoba`
  ADD CONSTRAINT `kontakt_osoba_ibfk_1` FOREIGN KEY (`IDOsobe`) REFERENCES `osoba` (`IDOsobe`) ON DELETE CASCADE;

--
-- Constraints for table `korisnicka_instanca`
--
ALTER TABLE `korisnicka_instanca`
  ADD CONSTRAINT `R_19` FOREIGN KEY (`IDKnjige`) REFERENCES `knjiga` (`IDKnjige`),
  ADD CONSTRAINT `R_20` FOREIGN KEY (`KorisnickoIme`,`IDOsobe`) REFERENCES `korisnik` (`KorisnickoIme`, `IDOsobe`);

--
-- Constraints for table `korisnik`
--
ALTER TABLE `korisnik`
  ADD CONSTRAINT `korisnik_ibfk_1` FOREIGN KEY (`IDOsobe`) REFERENCES `osoba` (`IDOsobe`) ON DELETE CASCADE;

--
-- Constraints for table `napomena`
--
ALTER TABLE `napomena`
  ADD CONSTRAINT `R_30` FOREIGN KEY (`IDRijeci`) REFERENCES `rijec` (`IDRijeci`),
  ADD CONSTRAINT `R_31` FOREIGN KEY (`KorisnickoIme`,`IDOsobe`) REFERENCES `korisnik` (`KorisnickoIme`, `IDOsobe`),
  ADD CONSTRAINT `R_37` FOREIGN KEY (`Naziv`,`IDKnjige`,`KorisnickoIme`,`IDOsobe`) REFERENCES `korisnicka_instanca` (`Naziv`, `IDKnjige`, `KorisnickoIme`, `IDOsobe`);

--
-- Constraints for table `ocjena`
--
ALTER TABLE `ocjena`
  ADD CONSTRAINT `R_38` FOREIGN KEY (`IDKnjige`) REFERENCES `knjiga` (`IDKnjige`),
  ADD CONSTRAINT `R_39` FOREIGN KEY (`KorisnickoIme`,`IDOsobe`) REFERENCES `korisnik` (`KorisnickoIme`, `IDOsobe`);

--
-- Constraints for table `podjeljena_sa`
--
ALTER TABLE `podjeljena_sa`
  ADD CONSTRAINT `R_21` FOREIGN KEY (`Naziv`,`IDKnjige`,`KorisnickoIme`,`IDOsobe`) REFERENCES `korisnicka_instanca` (`Naziv`, `IDKnjige`, `KorisnickoIme`, `IDOsobe`),
  ADD CONSTRAINT `R_36` FOREIGN KEY (`KorisnickoIme`,`IDOsobe`) REFERENCES `korisnik` (`KorisnickoIme`, `IDOsobe`);

--
-- Constraints for table `poruka`
--
ALTER TABLE `poruka`
  ADD CONSTRAINT `R_40` FOREIGN KEY (`KorisnickoIme`,`IDOsobe`) REFERENCES `korisnik` (`KorisnickoIme`, `IDOsobe`),
  ADD CONSTRAINT `R_41` FOREIGN KEY (`IDKnjige`) REFERENCES `knjiga` (`IDKnjige`);

--
-- Constraints for table `posjetio`
--
ALTER TABLE `posjetio`
  ADD CONSTRAINT `R_23` FOREIGN KEY (`KorisnickoIme`,`IDOsobe`) REFERENCES `korisnik` (`KorisnickoIme`, `IDOsobe`),
  ADD CONSTRAINT `R_24` FOREIGN KEY (`IDKnjige`) REFERENCES `knjiga` (`IDKnjige`);

--
-- Constraints for table `rijec`
--
ALTER TABLE `rijec`
  ADD CONSTRAINT `R_42` FOREIGN KEY (`IDKnjige`) REFERENCES `knjiga` (`IDKnjige`);

--
-- Constraints for table `telefon_osobe`
--
ALTER TABLE `telefon_osobe`
  ADD CONSTRAINT `R_2` FOREIGN KEY (`IDOsobe`) REFERENCES `kontakt_osoba` (`IDOsobe`) ON DELETE CASCADE ON UPDATE CASCADE;

/*!40101 SET CHARACTER_SET_CLIENT=@OLD_CHARACTER_SET_CLIENT */;
/*!40101 SET CHARACTER_SET_RESULTS=@OLD_CHARACTER_SET_RESULTS */;
/*!40101 SET COLLATION_CONNECTION=@OLD_COLLATION_CONNECTION */;
